ハンズオンで学ぶTypeScript - JavaScript エンジニアのためのTypeScript徹底入門,K Ebara,"はむさんの講座を始めて受講しましたが、説明が明快で的を射ており非常に学習しやすかったです。
初心者への配慮からか説明がやや冗長な印象ですが、その分確実に段階を踏んで理解を深められますし、倍速で手を動かしながら受講すれば問題ありませんでした。

gitによるソースコードの管理や環境構築についても、極力つまずきを減らす工夫がされていると感じました。

Reactの章でVirtualBox上のUbuntuでDockerを起動するのは二度手間かもと思ったのですが、Mac OSでも普通に動いて快適に受講できました(他の人も同様に動くことは保証できませんが)。

nodeのバージョンが12系から更新されていないのが少し気になりますが、講座の内容自体はバージョンに関わらず有用だと思います。"
Firebase未経験者のためのReactで作るチャットアプリ開発入門！最速最短でゴール到達！,k ishi,"作る前に実際に動くものを見せた後に作るというやり方が良かったです。googleからの検索からドキュメントを見せながらの説明がよかったです。ただ、javascriptではなく、typescriptで受けたかったのですが、非常にわかりやすかったので、星5に変更しました。
今後、補足としてtypescriptにする場合の講座を追加してくれると嬉しいです。"
ハンズオンで学ぶTypeScript - JavaScript エンジニアのためのTypeScript徹底入門,Naka Sho,基本から応用まで、またReactに対する実践レベルまで学べるオールインワンな講座でした。全体の構成も項目ごとに適切に整理されていたので立ち返りやすい（復習しやすい）と思います。
ハンズオンで学ぶTypeScript - JavaScript エンジニアのためのTypeScript徹底入門,上田竜次,細かく処理の目的が説明されていて分かりやすいです。
ハンズオンで学ぶTypeScript - JavaScript エンジニアのためのTypeScript徹底入門,江口 弘樹,Typescriptの位置付けや人気になってきている点についても理解することができた。
React Hooks 入門 - HooksとReduxを組み合わせて最新のフロントエンド状態管理手法を習得,Nobuo Imai,丁寧な説明で、かつ一緒にコードを書いて進めるので、動画を止める回数が少なく、快適に学べます。
モジュールバンドラー webpack を1日で習得！フルスクラッチでインストールからカスタマイズまでを理解する,makiko kono,Webpackでの開発があり、何度も見返しました。初心者の方におすすめの講座です。
ハンズオンで学ぶTypeScript - JavaScript エンジニアのためのTypeScript徹底入門,Hametsuno,素のJavaScriptとの違いが明確でとても楽しく勉強させてもらいました。
React Hooks 入門 - HooksとReduxを組み合わせて最新のフロントエンド状態管理手法を習得,Azusa Okamoto,"React Hooksを仕事で使うことになり、急ぎで学習したく、1.25倍速や1.5倍速で調整しながら聴かせて頂いたのですが、話す速度が丁度よく、倍速でも聞き取りやすかったです。
公式ドキュメントを一緒に確認して頂くような部分もあり、モチベーションも維持しやすかったです。
非常に勉強になりました。
ありがとうございました。
早速、React Hooksを使って、個人開発に挑戦して、理解を深めたいと思いました！"
Firebase未経験者のためのReactで作るチャットアプリ開発入門！最速最短でゴール到達！,fukuda masa,firebaseとReactで、こんなことができるのか！ということを体験できる非常に良い内容でした
React Hooks 入門 - HooksとReduxを組み合わせて最新のフロントエンド状態管理手法を習得,Naoki Iwashima,コーディングもコピペなしで講師の方がその場で実際にタイプするので、その過程で生じたエラー解決なども現場に即して参考になります。
フロントエンドエンジニアのためのGraphQL with React 入門,Takuya Mukohira,"わかりやすい。
class-based componentだった点がちょっと残念"
ハンズオンで学ぶTypeScript - JavaScript エンジニアのためのTypeScript徹底入門,Naoki Iwashima,TSの各要素について丁寧に解説され、だいぶ理解が深まりました。最後はReactでの適用例も出てきます。
ハンズオンで学ぶTypeScript - JavaScript エンジニアのためのTypeScript徹底入門,Daisuke Wada,"TypeScript開発に必要＆あると便利なnodeモジュールの紹介があり、すんなりと入門することが出来ました。
内容は初歩的な内容から始まり、最終的にReactでTSを使う方法が学べてとても良かったです。
Reactに関しては、hooksに対してどういう型を定義すれば良いのかを調べる方法が紹介されているため、ReactでTSを導入してみたい方はぜひ受講してみてください！"
ハンズオンで学ぶTypeScript - JavaScript エンジニアのためのTypeScript徹底入門,Eisuke Takeuchi,"全般的に、すこぶる丁寧に、徹底的に、わかりやすく教えてくれます。コース後半では、適宜、型の定義元のソースコードを開き説明等してくれるので、応用力も養えると思います。

また、概要欄に記述されている、はむさん（講師）のUdemyのコースに対する思いには、大変感銘を受けました。"
Firebase未経験者のためのReactで作るチャットアプリ開発入門！最速最短でゴール到達！,Ryo K,progate、udemyの他の講師のreact講座、ときてこの講座を受講しました。ハンズオンでサクサク進み、説明もとてもわかり易かったです。またセールが来たらはむさんの別の講座を受講したいと思いました。
React Hooks 入門 - HooksとReduxを組み合わせて最新のフロントエンド状態管理手法を習得,cryptobox chan,今まで受けたUdemyの講座の中で最も満足度の高い講義でした。ハンズオン形式で進んでいくので、楽しく飽きることなく一気に進めることができました。バックエンドとの連携についてもはむさんから学びたいので期待しています。
ハンズオンで学ぶTypeScript - JavaScript エンジニアのためのTypeScript徹底入門,フジイケイシ,"説明が非常に丁寧。
遅いと感じれば再生速度を調整するだけで非常に自分にあった速度で学習できる。
reactと一緒にどうやって使うのかを学べるのが一番学習するのにおすすめできる要素"
React Hooks 入門 - HooksとReduxを組み合わせて最新のフロントエンド状態管理手法を習得,永田圭,画面で実際の動きを確認しながら学べるので、本よりも理解が早く進みます。
Firebase未経験者のためのReactで作るチャットアプリ開発入門！最速最短でゴール到達！,谷内 智啓,初心者の方には難しい内容だと思います。挫けずに動画を見返して進めていくのがいいです。丁寧に説明されているのでなんとかできるかと思います。
Firebase未経験者のためのReactで作るチャットアプリ開発入門！最速最短でゴール到達！,鈴木大,"node.jsやgitなどの知識が必要になりますが、とても参考になりました。
特に、es6の記法で書かれたコードが「今っぽい」感じで参考になりました。"
ハンズオンで学ぶTypeScript - JavaScript エンジニアのためのTypeScript徹底入門,大輔 田代,TypeScriptを体系的に学べるだけでなく、JavaScriptの復習にもなります。これから開発で使用したいと思っている方は受講して損なしです！
ReactとFirebase とWebRTCで P2P ビデオ会議システムを開発しよう！,祐亮 佐竹,わかりやすい！
ReactとFirebase とWebRTCで P2P ビデオ会議システムを開発しよう！,N Iwata,WebRTCを学びたいと思っていたのでドンピシャの講座でした。
Firebase未経験者のためのReactで作るチャットアプリ開発入門！最速最短でゴール到達！,永田圭,UI画面を確認しながらかつコンソール動作やネットワークを逐次確認していただけるのでとても理解しやすいです
ハンズオンで学ぶTypeScript - JavaScript エンジニアのためのTypeScript徹底入門,やしん,学習意欲をき立てる構成になっており、話し方もとても聞きやすくてありがたかったです。
モジュールバンドラー webpack を1日で習得！フルスクラッチでインストールからカスタマイズまでを理解する,kim kos,非常にコンパクトにまとまっていて勉強になりました。
React Hooks 入門 - HooksとReduxを組み合わせて最新のフロントエンド状態管理手法を習得,Hideto Shuto,非常に分かり易く丁寧な講義でした。また受講者からの質問に対しても、親切に真摯に回答されている姿に感心致しました。これから当講義をもう1周して、講義内容をしっかり自分のものにしたいと思います。ありがとうございました！
React Hooks 入門 - HooksとReduxを組み合わせて最新のフロントエンド状態管理手法を習得,社会福祉法人 立華学苑,"React・Reduxアプリケーション開発入門のReactから受講し、今回、React Hooks入門を受講しました。
Javascriptの知識がそれなりに必要だということを知り、Javascriptの知識を得てから受けた方が良いと感じました。
とてもわかりやすい内容で、
次は、Firebase未経験者のためのReactのアプリケーションにチャレンジします。"
React Hooks 入門 - HooksとReduxを組み合わせて最新のフロントエンド状態管理手法を習得,正木敬人,hooksを初めて触ったが、講義が想像以上に丁寧で助かった。講義の途中でreduxが出てくるのでこの講義を受けるか迷っている人は先にreduxを勉強することをおすすめする。
React Hooks 入門 - HooksとReduxを組み合わせて最新のフロントエンド状態管理手法を習得,増戸潤弥,ReduxとHooksを学び、理解を深めるのにとても参考になります。
ハンズオンで学ぶTypeScript - JavaScript エンジニアのためのTypeScript徹底入門,Ryu_Fujiwara,TypeScriptが、JavaScriptより優れているところを明確に教えてくれるので、とても参考になります、また、後半ではReactを使用したアプリケーション開発があるので、おすすめです。
ハンズオンで学ぶTypeScript - JavaScript エンジニアのためのTypeScript徹底入門,樋口能敬,非常に聞きやすい内容でした。
ハンズオンで学ぶTypeScript - JavaScript エンジニアのためのTypeScript徹底入門,T_hirai,とても勉強になりました。ありがとう御座いました。
ハンズオンで学ぶTypeScript - JavaScript エンジニアのためのTypeScript徹底入門,Masa Hada,手を動かすことや問題解決にも解説頂けることに期待しております。
React Hooks 入門 - HooksとReduxを組み合わせて最新のフロントエンド状態管理手法を習得,Daisuke Saito,"hooks,reducerについて学びながら、リファクタリングしていくことで、reactのきれいなコードの書き方も学べます。"
Firebase未経験者のためのReactで作るチャットアプリ開発入門！最速最短でゴール到達！,葉子 岩崎,Reactのみではなく、gitの作法、vimも勉強になりました。
フロントエンドエンジニアのための React ・ Redux アプリケーション開発入門,染谷亮介,"声が聞き取りやすさ、スピードが自分にはちょうどよくストレスなく受講できた。
解説も丁寧で、今までよくわかっていなかったReducerやActionについての理解を深めることができた。
この講座を受けたことで、よりReactの理解を深めていけるという手応を得られました。"
Firebase未経験者のためのReactで作るチャットアプリ開発入門！最速最短でゴール到達！,SHO IKEDA,React Hooksについても学べてよかった
Firebase未経験者のためのReactで作るチャットアプリ開発入門！最速最短でゴール到達！,Masato,"本講座、大変わかりやすく最初から最後まで楽しみながら学習することができました。
はむさんの他講座も受けてみようと思います。
これからもお世話になります..！"
Firebase未経験者のためのReactで作るチャットアプリ開発入門！最速最短でゴール到達！,阿部毅宏,GitやVimなど調べながら最後まで終えることができました。デプロイが難しくもう少し理解を深めたいと思います。最後まで楽しく学習できました。
フロントエンドエンジニアのための React ・ Redux アプリケーション開発入門,Yohei Tanaka,丁寧に解説されてました！
React Hooks 入門 - HooksとReduxを組み合わせて最新のフロントエンド状態管理手法を習得,jun tech,"丁寧な説明でコードを書く速度はゆっくりなので、動画を見逃して必要なコードを書き損じるということはないと思います。
Reactの知識があるのは前提ですが、初めてHooksを学ぶ方に優しい内容です。"
ハンズオンで学ぶTypeScript - JavaScript エンジニアのためのTypeScript徹底入門,吉田直輝,なぜこの型の定義になるのか？というところ、深堀りしながら説明を行っているので、理解度が上がりました。
フロントエンドエンジニアのためのGraphQL with React 入門,Yuuki,すばらしい！！
モジュールバンドラー webpack を1日で習得！フルスクラッチでインストールからカスタマイズまでを理解する,Chise Mori,"webpackの扱い方について知ることができました。
設定方法や別で調べる予定だったeslintについても知ることができたので非常に満足です！"
フロントエンドエンジニアのための React ・ Redux アプリケーション開発入門,Yutaka Tsumura,"とてもわかりやすかったです。
Reactは初めてでしたが、問題なくついていけました。"
Firebase未経験者のためのReactで作るチャットアプリ開発入門！最速最短でゴール到達！,遠藤 憲,Firebaseを知っている人でもenvファイルの管理方法は眼から鱗でした。とてもおすすめのコースです！
ハンズオンで学ぶTypeScript - JavaScript エンジニアのためのTypeScript徹底入門,Kamiya-S-Max,TypeScript側で定義している箇所まで見に行き、コピーして実際にいじって実装を確かめる箇所が随所にあるため、エラーの調査や機能の検証する際の手順も学習できた。
Firebase未経験者のためのReactで作るチャットアプリ開発入門！最速最短でゴール到達！,Yudai Takiguchi,Firebaseの敷居がグッと下がりました!!
Firebase未経験者のためのReactで作るチャットアプリ開発入門！最速最短でゴール到達！,Takuya Endou,"デフォルトのトーク速度をゆっくりにしてくれているので、適宜こちらで調整出来てよい。
Vueの経験があるのであれば、比較しながらサクサク学べる。
jsの基本理解があれば、こう書けば、こう動くという部分まで学べると思う。
firebaseについても、とても分かりやすかった。
useStateや、useEffectのソースコード読みながら、詳細に挙動を解説してくれるおまけなどあると
より嬉しかった。"
フロントエンドエンジニアのためのGraphQL with React 入門,松本一将 松本,ありがとうございます！！
フロントエンドエンジニアのための React ・ Redux アプリケーション開発入門,Taniguchi Takuya,どこをどのように書くと何ができるかという点が明確でわかりやすい。またReactを動かしているwebpackやbabel、名前は知っていたが何をしているかまで知らなかったので知識として知ることができよかった。
ハンズオンで学ぶTypeScript - JavaScript エンジニアのためのTypeScript徹底入門,Go Nishiduka,"とても良かったです。普段、javascriptを書いてるのですが世間の流れ的にTypescriptをやらないとダメだと思い受講させていただきました。

■:個人的に良かった点
・型定義のジェネリクスの箇所、<T,U>など、とても混乱していたのが、VSCodeで定義元に遡って１つずつ紐解いて教えてくれている所。
・VSCode、Node.js、npm、セッティングの所を本質からきちんとレクチャーしている点。私は未経験ではないですがそれでも勉強になりました。
・Reactも講義の中に入っている所。
・Typescriptとは関係ないですが、githubへのpushへの一連のコマンドの流れが知れた（普段Source Treeを使っていていたので、こんな便利なコマンドがあったのか、と知れた）
・話し方が聞きやすい。

全体的に、本質から理解させようとしてくださっているなと感じました。端折って公式だけ練習しても仕事では頓挫してしまうので、基礎の重要性を再認識しました。
個人的には、Typescriptはかなり難易度が高く、これからも壁にぶつかると思うので、その度にまたこの動画をリファレンスとして活用させていただきます。

先生の他の動画も購入したいです。
ありがとうございました。"
React Hooks 入門 - HooksとReduxを組み合わせて最新のフロントエンド状態管理手法を習得,吉田直輝,説明が丁寧でわかりやすかった。
React Hooks 入門 - HooksとReduxを組み合わせて最新のフロントエンド状態管理手法を習得,松本一将 松本,ありがとうございました。とてもよくわかりました！
フロントエンドエンジニアのための React ・ Redux アプリケーション開発入門,松本一将 松本,面白かったです！
React Hooks 入門 - HooksとReduxを組み合わせて最新のフロントエンド状態管理手法を習得,杉浦貴史,複雑すぎず、簡単すぎないシンプルなアプリを作成しながらHooksの動きを具体的に確認できたので理解しやすかった。2倍速で見るとサクサク進んでちょうどよかった。
React Hooks 入門 - HooksとReduxを組み合わせて最新のフロントエンド状態管理手法を習得,根岸 健大,とにかく説明がわかりやすく、実際に手を動かしながらなので納得感がある！
React Hooks 入門 - HooksとReduxを組み合わせて最新のフロントエンド状態管理手法を習得,@ tomoman,三項演算子の書き方など、基本を復習できたt。
ハンズオンで学ぶTypeScript - JavaScript エンジニアのためのTypeScript徹底入門,Yuuki,素晴らしい！！ 
React Hooks 入門 - HooksとReduxを組み合わせて最新のフロントエンド状態管理手法を習得,K D,一つ一つのメソッドを丁寧に解説してくれるので、とてもわかりやすいものになっていました。
フロントエンドエンジニアのための React ・ Redux アプリケーション開発入門,たに しお,"現場でよく使われるReduxの手法(ex. mapDispatchToPropsにObject形式を用いることなど)がしっかりと説明されていたので良かったです。
話のテンポもよく、楽しく見れました。"
React Hooks 入門 - HooksとReduxを組み合わせて最新のフロントエンド状態管理手法を習得,maron ta,React初心者でしたが、基礎的なことから解説があり大変わかりやすかったです。また、実務でどのようにコードを書けば良いかのイメージもつきやすい講座でした。hooksの仕組みに関しては基礎的な解説にとどまっているので、この講座に取り組んだ後、自身で理解を深める必要がありますが、hooksの使い方のイメージが掴めました。
ハンズオンで学ぶTypeScript - JavaScript エンジニアのためのTypeScript徹底入門,Hiroyuki Ueno,TSの基礎知識の習得に困っており、他の同言語の講座も受けたが、講師の癖などありわかりにくかった。しかし、この講座はTSの基礎知識の理解として自分にあっており、具体例もわかりやすいので初めてTSを取り掛かる教材としておすすめしたい！
Firebase未経験者のためのReactで作るチャットアプリ開発入門！最速最短でゴール到達！,山口導,"Firebase未経験の者としては使用方法を理解する上で大変良い教材でした。
また、テンポ良く学べます。"
Firebase未経験者のためのReactで作るチャットアプリ開発入門！最速最短でゴール到達！,cawauchi .t,素晴らしかったです！！！
Firebase未経験者のためのReactで作るチャットアプリ開発入門！最速最短でゴール到達！,伊藤利典 Toshinori,説明を省略することなく、丁寧に進めてくれので挫折せず完了することができました。是非ともこれを参考にしてポートフォリオ作成してみたいと思います。
Firebase未経験者のためのReactで作るチャットアプリ開発入門！最速最短でゴール到達！,Yuuki,すばらしい！
Firebase未経験者のためのReactで作るチャットアプリ開発入門！最速最短でゴール到達！,雉子波晶,本当にあっという間の8時間で、Firebaseを用いたReactアプリの作り方を学べる良い教材だと思います！
React Hooks 入門 - HooksとReduxを組み合わせて最新のフロントエンド状態管理手法を習得,Takase,"すごく分かりやすいです。
受講しておけば、楽に公式Docを読めると思います。"
ハンズオンで学ぶTypeScript - JavaScript エンジニアのためのTypeScript徹底入門,中島雄介,体系的に学べたので、この先にtypescriptを使用する際に、辞書的に確認したり自分でtypescriptの実装コードを読んで確認しようと思える意欲を手に入れたと思います。
ハンズオンで学ぶTypeScript - JavaScript エンジニアのためのTypeScript徹底入門,Hiroaki,"細かく解説されていて、TypeScriptはなぜこの様な書き方をするのか紐解いて頂いて大変勉強になりました。理屈はあまりわからなくて良いから、出来るだけ早く実装したい方にとっては少し長く感じる方もいらっしゃると思いますが、私はなぜが解明できるとシチュエーションがイメージできるので良かったです！
ありがとうございました！"
フロントエンドエンジニアのためのGraphQL with React 入門,中島雄介,graphqlの目指している実装がわかりました。自分でgraphqlサーバーを作成し、クライアントをreactで実装しようとして詰まっていたところだったので役に立ちました。
ハンズオンで学ぶRuby on Rails 6<Action Textを支えるデータベースアソシエーション編>,shiyosuya ai,声が素敵です。聞きやすい
React Hooks 入門 - HooksとReduxを組み合わせて最新のフロントエンド状態管理手法を習得,Kyosuke Tomoda,非常にわかりやすく、hooksの使い方のみならずreactの復習にもなってとても良いです。
Firebase未経験者のためのReactで作るチャットアプリ開発入門！最速最短でゴール到達！,吉田直輝,"1つ１つ丁寧に解説されていて、すごくわかりやすかったです。
これからfirebaseを１から学習される方におすすめです。"
モジュールバンドラー webpack を1日で習得！フルスクラッチでインストールからカスタマイズまでを理解する,K-m T,"webpack については以前から意識的に学んでいましたが、今回の講座でまた基礎から理解を深めることができました。
講座のリリースが少し古いので、パッケージのバージョン等自分で気にしなくてはいけない時もありますが、そのおかげでバージョンへの意識ができ、逆に力がついた気がします。
お世話になりました！"
ハンズオンで学ぶTypeScript - JavaScript エンジニアのためのTypeScript徹底入門,小川 哲郎,分かりやすい！
ハンズオンで学ぶTypeScript - JavaScript エンジニアのためのTypeScript徹底入門,Takashi Yamaguchi,細かい単位で解説されているので、復習しやすい
React Hooks 入門 - HooksとReduxを組み合わせて最新のフロントエンド状態管理手法を習得,ロペスジョンマーク,マジの初心者でターミナルとか使い方もわからんみたいな感じだと最初の雛形作りで動画の通りにやっても上手くいかなかったりして鬼モードに感じるけどそこ超えたら後はスラスラ出来るから良い
ハンズオンで学ぶRuby on Rails 6<Action Textを支えるデータベースアソシエーション編>,Yoshiki Hidaka,"Railsのみならず幅広い知識を身に付けることができる。
プログラミング初心者にはやや難しい内容もあるが、とても有益なので是非チャレンジしてみてほしい。
また、話し方もとてもはっきりしており、聞き取りやすく、画面もとても見やすかった。"
フロントエンドエンジニアのための React ・ Redux アプリケーション開発入門,Corpus qeen,"ReactNativeを通じReactについて多少知識はある経験者で、改めてWebフロント側の知識を仕事で活用するので学び直しと言う形で受講

過不足ない講義として、自信を持って紹介できます"
モジュールバンドラー webpack を1日で習得！フルスクラッチでインストールからカスタマイズまでを理解する,Yutaka Fujii,"webpackってなんか、あれでしょ、なんかまとめてくれる奴って感覚で、
自分の作成するプログラムの背面で何が起こっているのかを学ぶためにこのコースを受講しました。

このコースでよかったことは、バージョン管理、GitHubの操作、このモジュールはどのように使うのか、
使い方の書いてあるマニュアルはどこにあるのか？という自分で調査するための情報がふんだんにまとめられている点です。

この情報に加えて、現場それぞれのやり方があるので、【はむ式】で構わないので
単体テスト・複合テスト・本番環境の作成までのレクチャーがあると未経験者が本番環境を作成するために
どのような環境準備を進めていけばいいのか網羅的にわかる良い内容になると思いました。

受講してよかったです。ありがとうございました。

追伸、Q&Aにて返信されていた英語の学習方法へのコメントが面白かったです。
エンジニアだけど、英語に苦手意識があるという人は結構多いので、エンジニア向け英語学習のコースがあったら受講する人は結構いるんじゃないかと思いました。
私も英語は苦手ですが、頑張ります。

【参考】私の学習レベル
HTML：https://www.youtube.com/playlist?list=PLjw-30bsJNVU87F5iCPAW9kB4QDUGQxUG
CSS：https://www.youtube.com/playlist?list=PLjw-30bsJNVVa4PuUseJ5YPN1K2dJr041
JS：https://www.youtube.com/playlist?list=PLjw-30bsJNVUpFTm9FDof8B91uI3iorDH

↓

【JS】初級者から中級者になるためのJavaScriptメカニズム
https://www.udemy.com/course/javascript-essence/

【JavaScript＆CSS】ガチで学びたい人のためのWEB開発徹底実践（フロントエンド編）
https://www.udemy.com/course/front-dev-tutorial/

Git： もう怖くないGit！チーム開発で必要なGitを完全マスター
https://www.udemy.com/course/unscared_git/

フロントエンドエンジニアのための React ・ Redux アプリケーション開発入門
https://www.udemy.com/course/react-application-development/

React Hooks 入門 - Hooksと Redux を組み合わせて最新のフロントエンド状態管理手法を習得しよう！
https://www.udemy.com/course/react-hooks-101/

最速で学ぶ - Google Cloud Platform（GCP）入門完全攻略コース
https://www.udemy.com/course/google-cloud-platform-jp/

フロントエンドエンジニアのためのGraphQL with React 入門
https://www.udemy.com/course/graphql-with-react/

【はむ式】モジュールバンドラー webpack を1日で習得！フルスクラッチでインストールからカスタマイズまでを理解する
https://www.udemy.com/course/webpack-crash-course/

【はむ式】Firebase未経験者のためのReactで作るチャットアプリ開発入門！2021年へ向け最速最短でゴール到達！←NEXT
https://www.udemy.com/course/react-firebase/"
ハンズオンで学ぶTypeScript - JavaScript エンジニアのためのTypeScript徹底入門,Yukari Maruyama,大変丁寧にTypescriptの説明があり、ハンズオンで学習できるのでわかりやすかったです。Reactも勉強してみようと思いました！
Firebase未経験者のためのReactで作るチャットアプリ開発入門！最速最短でゴール到達！,Kosuke Muraka,"React を用いた実践的な開発方法を学ぶことができました. React を用いて一からアプリケーションを開発しインターネット上に公開するまでのプロセスとともに学習できます. すでに React の基礎知識を習得済みの人向けの内容ですが, そちらは別途はむさんの React に関するコースで学習するのが手っ取り早いかと思います. このコースをある程度理解できるレベルになれば, あとは独力で React アプリケーションを開発できると思います."
React Hooks 入門 - HooksとReduxを組み合わせて最新のフロントエンド状態管理手法を習得,H T,他の教材や記事でわからなかった箇所がすんなり頭に入り、講座を通してアプリやweb制作などに活かせる知識が身についたと感じます。ありがとうございました。
ハンズオンで学ぶTypeScript - JavaScript エンジニアのためのTypeScript徹底入門,上原 裕貴,非常にわかりやすい
フロントエンドエンジニアのためのGraphQL with React 入門,Yutaka Fujii,"Reactを使い、外部サービスとの連携を学習するために本コースを受講しました。
GraphQLの仕様自体は、当初思っていた内容と少し異なりましたが、結果として、
どう情報を取得し、表示し、変更すれば良いのか、ドキュメントはどこを読めばいいのか？など
いろいろなことがわかる良い学びになったと思いました。

音楽とはむさんの声の大きさにギャップがあり、声に音量を合わせると音楽がうるさく感じるなどの
些細な点が気になりました。

また、本コースでは、GraphQLを用いた外部連携はGitHubのみなので、他のサービスとの連携はありません。
GraphQLを活用してのリクエスト形式はサービスごとによって異なるようなので、
同じ仕組みだけど、このサービスと連携する場合には、ここをこう変えると良い。
みたいな内容があってもいいかと思いました。

また、別件ですがGraphQLのリクエスト回数は、こんな感じで使用されているというような解説があっても、
GraphQL未体験者によっては理解が深まると思いました。

とは言え、上記のような内容は、このコースを終えた受講生が自分で学習すれば良い内容だとも思うので、
このコースはこのコースで十分な学びになると思います。

また、私はReactの学習は本コースで３つめですが、
いまいちバージョンやcreate react appに関連する情報がよくわかっていないので、
これから受講する人は気を付けてください。

【参考】私の学習レベル

HTML：https://www.youtube.com/playlist?list=PLjw-30bsJNVU87F5iCPAW9kB4QDUGQxUG
CSS：https://www.youtube.com/playlist?list=PLjw-30bsJNVVa4PuUseJ5YPN1K2dJr041
JS：https://www.youtube.com/playlist?list=PLjw-30bsJNVUpFTm9FDof8B91uI3iorDH

↓

【JS】初級者から中級者になるためのJavaScriptメカニズム
https://www.udemy.com/course/javascript-essence/

【JavaScript＆CSS】ガチで学びたい人のためのWEB開発徹底実践（フロントエンド編）
https://www.udemy.com/course/front-dev-tutorial/

Git： もう怖くないGit！チーム開発で必要なGitを完全マスター
https://www.udemy.com/course/unscared_git/

フロントエンドエンジニアのための React ・ Redux アプリケーション開発入門
https://www.udemy.com/course/react-application-development/

React Hooks 入門 - Hooksと Redux を組み合わせて最新のフロントエンド状態管理手法を習得しよう！
https://www.udemy.com/course/react-hooks-101/

最速で学ぶ - Google Cloud Platform（GCP）入門完全攻略コース
https://www.udemy.com/course/google-cloud-platform-jp/

フロントエンドエンジニアのためのGraphQL with React 入門
https://www.udemy.com/course/graphql-with-react/

【はむ式】モジュールバンドラー webpack を1日で習得！フルスクラッチでインストールからカスタマイズまでを理解する←NEXT
https://www.udemy.com/course/webpack-crash-course/"
フロントエンドエンジニアのための React ・ Redux アプリケーション開発入門,高橋滉太,文字のサイズも見やすかったから
React Hooks 入門 - HooksとReduxを組み合わせて最新のフロントエンド状態管理手法を習得,Yutaka Fujii,"まず、とても面白いコースでした。
フロントエンドエンジニアのための React ・ Redux アプリケーション開発入門よりもわかりやすくコースの構成がとてもいいです。

開発準備編で戸惑うこともあるかもしれませんが、基本的にスムーズにコース履修は進みます。
手を動かし、作り上げていく過程に面白みを持つことのできるハンズオン学習としては理想的なコースだと思います。
もう一度履修することで知識の定着が深まると思うので、私は最新のReactベースでもう一度復習したいと思いました。
Reactのドキュメント、MDNのドキュメントを読む大切さが後半になるとよくわかります。
解説も的確で、以前のQ&Aもすべて読みましたが、講師の丁寧さ、真心を感じられる良い内容だと思いました。
Reactやプログラムなど詳しい方には物足りない内容かもしれませんが、私の学習レベルではとてもためになりました。
何よりもコースが面白いのがよかったです。

【参考】私の学習レベル
HTML：https://www.youtube.com/playlist?list=PLjw-30bsJNVU87F5iCPAW9kB4QDUGQxUG
CSS：https://www.youtube.com/playlist?list=PLjw-30bsJNVVa4PuUseJ5YPN1K2dJr041
JS：https://www.youtube.com/playlist?list=PLjw-30bsJNVUpFTm9FDof8B91uI3iorDH

↓

【JS】初級者から中級者になるためのJavaScriptメカニズム
https://www.udemy.com/course/javascript-essence/

【JavaScript＆CSS】ガチで学びたい人のためのWEB開発徹底実践（フロントエンド編）
https://www.udemy.com/course/front-dev-tutorial/

Git： もう怖くないGit！チーム開発で必要なGitを完全マスター
https://www.udemy.com/course/unscared_git/

フロントエンドエンジニアのための React ・ Redux アプリケーション開発入門
https://www.udemy.com/course/react-application-development/

React Hooks 入門 - Hooksと Redux を組み合わせて最新のフロントエンド状態管理手法を習得しよう！　←　New
https://www.udemy.com/course/react-hooks-101/

フロントエンドエンジニアのためのGraphQL with React 入門　←　Next
https://www.udemy.com/course/graphql-with-react/"
React Hooks 入門 - HooksとReduxを組み合わせて最新のフロントエンド状態管理手法を習得,ogawa hiro,ひとつひとつのhookの役割や使い方をドキュメントをもとに解説したあとに、実践でアプリケーション内で具体的にどのように使うのかを体験できたのでとても役に立った。受講前からuseStateやuseEffectは使ったことがあったのだが、useContext、useReducerはよく理解してなかったので、それらについても学べて良かった。
フロントエンドエンジニアのための React ・ Redux アプリケーション開発入門,Kosuke Muraka,"React, Redux の基礎知識, 実際のアプリケーションに当てはめたときの使い方などがよく理解できました. 細かなところまで深堀りして説明されていたので, スムーズに理解でき, 記憶にも定着しやすいなと感じました. JavaScript を普通に読み書きできる人にとってはちょうど良いレベル感の内容だと思います."
React Hooks 入門 - HooksとReduxを組み合わせて最新のフロントエンド状態管理手法を習得,江崎史享,逆に丁寧すぎると思うほどわかりやすかったです。
React Hooks 入門 - HooksとReduxを組み合わせて最新のフロントエンド状態管理手法を習得,佐藤 理雄馬,口調が優しくて好印象
React Hooks 入門 - HooksとReduxを組み合わせて最新のフロントエンド状態管理手法を習得,古沢啓太,"なぜそうなるのか、どこがどこに作用するのか、実装していく一連の流れを細かく紐解きながら解説されています。
「動けばいい」ではなく、正常に動いたあとのリファクタリングの考え方は右も左も分からない未経験、初学者には分からない領域ですので大変参考になるかと思います。
単に正しい構文を入力していくだけでなく、起こりがちなエラーも交えて解説されています。"
React Hooks 入門 - HooksとReduxを組み合わせて最新のフロントエンド状態管理手法を習得,Takayuki Yoshioka,React初学者にとっては、実践的でアプリ開発にすぐ使えそう。
React Hooks 入門 - HooksとReduxを組み合わせて最新のフロントエンド状態管理手法を習得,K F,"実務でReact Hooks + Redux を導入しましたが、復習とより効率の良い書き方がないかと思い、受講しました。
まず動作させるために平たくコードを書いてから、リファクタリングをしていくという流れを通して、実務で活かせるより良い構成、コードを書くためのヒントを多く学ぶことができました。
失敗してから書き直すという流れもWhyと結びついて頭に入ってきやすかったです。"
ハンズオンで学ぶTypeScript - JavaScript エンジニアのためのTypeScript徹底入門,A ra,"素晴らしい講義をありがとうございました！
typescriptもreactも初めて触りますが、基礎が身に付けられた気がします！
しっかり復習して定着させていきたいと思います！
今回初めてはむさんの講義を受講しましたが、他のコースも受講してみたいと思いました。
今後も講義を楽しみにしていますm(__)m"
ハンズオンで学ぶRuby on Rails 6<Action Textを支えるデータベースアソシエーション編>,横田純子,"今まではRailsコンソールの使い方がいまいちわからなかったのですが、いちいち「なるほど～」と呟きながら受講でき、演習問題のバリデーション実装を自分で考えながらできた瞬間はとても嬉しかったです。
Ruby on Railsの公式サイトなどももっと自分で活用しようと思いました。
またぜひ続々と講座ができてきて受講できることを楽しみにしています。"
フロントエンドエンジニアのための React ・ Redux アプリケーション開発入門,齋藤美紀 (Miki Saito),全くの初心者ですが、仕事のためにReactを学ぶ必要があったため、受講しました。コーディングしながら覚える形式がとても分かりやすかったです。こまめに映像をストップしながら自分のコーディングのスピードに合わせて動画をすすめられるので、挫折しないですみました。頻繁にストップ・再生を繰り返すため、動画再生用にPCをもう一台用意しましたが。残念な点は、最新のReact Hooksについては別のコンテンツを購入し直さないといけないところです。最初からHooksを使って学びたかったので。もちろん、次のステップとして、Hooksの方も受講させていただきます。大変勉強になりました。
ハンズオンで学ぶTypeScript - JavaScript エンジニアのためのTypeScript徹底入門,山本 達也,"本コースを受講したおかげもあり、突発的に業務中、JavaScript->TypeScriptへ書き換えなくてはいけない事案が発生しましたが、対応することができました！！！
今後もTypeScriptの学習や実践を踏まえて知見を広げていけたらと思っております。
本当にありがとうございました！"
ハンズオンで学ぶTypeScript - JavaScript エンジニアのためのTypeScript徹底入門,Araki Takashi,"基本に絞って丁寧に解説してくださっていて良いレクチャーだったと思います。
他の英語のコースなどでは、（それはそれで良いのですが）具体的なプロジェクトを作りながらの解説が多いのですがその分冗長になりがちなところ、基本に絞っている本コースは今後も繰り返し参照しながら使えるものになっていると思います。おすすめです。"
フロントエンドエンジニアのための React ・ Redux アプリケーション開発入門,剱地一見,エラーも含め画面に表示してもらえるため、どのようなオペレーションで開発しているかが分かり、理解しやすい
ハンズオンで学ぶTypeScript - JavaScript エンジニアのためのTypeScript徹底入門,Amu B,"本講座を受講することで、包括的にTypescriptについて学ぶことができました。
各項目にしっかり動画を1つ1つ区切って説明してくれているので、今自分が何を学んでいるのかをしっかり意識しながら学ぶことができました。また、種々の機能について、Typescriptのソースコードを参照しつつ説明してくれました。
全体的に、とても丁寧でわかりやすい講座だったと思います。ありがとうございました。"
フロントエンドエンジニアのための React ・ Redux アプリケーション開発入門,齋藤,"Reactの基礎を軽く学び、Reduxを用いた状態管理の手法を実際にCRUDアプリケーションを作成しながら、学ぶことができ非常にわかりやすかったです！
また、おまけではありますがReactのUIフレームワークのmaterial-uiは本講座で初めて知りました。非常に便利なuiフレームワークのようなので、こちらについても勉強して実際に取り入れて見たいです！"
React Hooks 入門 - HooksとReduxを組み合わせて最新のフロントエンド状態管理手法を習得,野島佑悟,とてもわかりやすいです
React Hooks 入門 - HooksとReduxを組み合わせて最新のフロントエンド状態管理手法を習得,K-m T,"状態管理というアプリケーション作成において、大切な視点での、コードの記述方法を学ぶことができました。
大変勉強になりました。
ありがとうございました。"
フロントエンドエンジニアのための React ・ Redux アプリケーション開発入門,藤原有児,初めてReactを学びましたが説明がわかりやすいかつセクションが短く区切ってあったので１度目で概要を把握できました！今後知識が定着するように復習を繰り返していこうと思います。ありがとうございました！！
ハンズオンで学ぶTypeScript - JavaScript エンジニアのためのTypeScript徹底入門,Eric,いろんな書き方を教えてもらって助かる
フロントエンドエンジニアのためのGraphQL with React 入門,K-m T,"GraphQL を用いた React アプリケーション開発について学ぶことができました。
また git にもより一層慣れることができました。
大変お世話になりました。"
モジュールバンドラー webpack を1日で習得！フルスクラッチでインストールからカスタマイズまでを理解する,Norio Nishihara,間違えたところなどの修正の仕方も入っていて参考になる。
フロントエンドエンジニアのための React ・ Redux アプリケーション開発入門,K-m T,"react の概要がなんとなく掴めた気がします。

git にも慣れることができました。

また先生と同じように vim を使ってみました。こんなエディターがあるんだと、体感し実感することで、少しずつ慣れてきて、今では楽しさを覚えました。

より深く知識を落とし込んで、楽しい開発体験をできるように精進したいと思います。

お世話になりました！"
React Hooks 入門 - HooksとReduxを組み合わせて最新のフロントエンド状態管理手法を習得,Michihiro Kawaji,最初の部分はabstractです。著者のReact-Redux基礎編を学んでいる方は飛ばしていいいと思います。
React Hooks 入門 - HooksとReduxを組み合わせて最新のフロントエンド状態管理手法を習得,Y K,"Hooksをどのような場面で使うと効果的なのか
サンプルアプリケーションを実装する流れで
学習出来るので、そのまま実戦で使えそうです。"
React Hooks 入門 - HooksとReduxを組み合わせて最新のフロントエンド状態管理手法を習得,林梨恵,jsも始めたばかりなので、演習では基本的なソースコードからスマートな書き方も知ることができる点が良かった。useStateを実際に使っての演習は理解が捗った。
ハンズオンで学ぶTypeScript - JavaScript エンジニアのためのTypeScript徹底入門,santarou t,分かりやすいです。松井や落合、ドラクエなどが出てきて懐かしかった。
ハンズオンで学ぶTypeScript - JavaScript エンジニアのためのTypeScript徹底入門,adoka .,"TypeScriptを学ぶのに便利な関連事項（GitHubやVScode、ts-node-devなど）の導入方法から始まって、TypeScript自体も基礎の基礎から丁寧に解説してくれるので、引っかかることなく付いていけています。
話し方もゆっくりで、コーディングに多少もたついても置いて行かれることがないので、一時停止無しでも聞く・書くどちらも疎かにせずに進むことができるのも快適でした。
（個人的に高めの発声が好きでないので、講師の穏やかな声質も好感でした。）
セクション3以降で学ぶ概念もコーディングの例が複雑すぎない程度に適度に具体的で、それぞれの使いどころが想像しやすくてすぐに身に付きます。

元々自作していたJavaScriptのプログラムを、学んだ内容をもとにTypeScriptに書き直しながら受講しているのですが、実際に自分でやってみたら上手くいかなかった、ということも無く、本当に身についたということを実感しています。
これまで理解不能だった公式ドキュメントも理解できる範囲が続々と広がっていて、この先独学でさらに先に進むにあたってのハードルもグンと下がりました。
受講して本当に良かったと思っています。"
フロントエンドエンジニアのための React ・ Redux アプリケーション開発入門,Kauzki,ありがとうございました！
フロントエンドエンジニアのための React ・ Redux アプリケーション開発入門,Sho Yuno,Reactをロジカル的に、かつ詳細にハンズオンで学べる点が非常に良かったです。
フロントエンドエンジニアのための React ・ Redux アプリケーション開発入門,Takashi Kominami,"ちょうどreact+reduxを使った管理画面の実装を行う前で本講座を見つけ、
react未経験だったが、なんとかなりそうな当たりをつけることができた。
助かりました。ありがとうございました。"
React Hooks 入門 - HooksとReduxを組み合わせて最新のフロントエンド状態管理手法を習得,memory 12,とても勉強になりました！
フロントエンドエンジニアのための React ・ Redux アプリケーション開発入門,memory 12,とても分かりやすかったです。また、Context APIの例もとても勉強になりました。ありがとうございました。
React Hooks 入門 - HooksとReduxを組み合わせて最新のフロントエンド状態管理手法を習得,Harada32,受講してよかった
React Hooks 入門 - HooksとReduxを組み合わせて最新のフロントエンド状態管理手法を習得,Shu Matsumoto,"一つ一つの解説が丁寧で、React初心者でも安心して学習できます。
ありがとうございます＾＾"
React Hooks 入門 - HooksとReduxを組み合わせて最新のフロントエンド状態管理手法を習得,Toshi_oliver,React-Redux講座を終えた際は、なんだか知識にモヤがかかった状態でしたが、このhooks講座を学んだことでRedux、Hooksまとめて理解することができました。本当に購入してよかったです。
ハンズオンで学ぶTypeScript - JavaScript エンジニアのためのTypeScript徹底入門,祐亮 佐竹,"""型だけに""
で、おなじみはむおじさんのコース。
実務でReactのプロジェクトにTypeScriptを導入することができました。
最高です。"
ハンズオンで学ぶTypeScript - JavaScript エンジニアのためのTypeScript徹底入門,トム スージー,分かりやすい！！！
React Hooks 入門 - HooksとReduxを組み合わせて最新のフロントエンド状態管理手法を習得,石原 龍之介,"全体的にとてもよかったです！

ただReact Hooksの「dispatch関数」とか「Actionオブジェクト」とかの関係性に関しては「Reduxのデータフロー」を深く理解していないとイメージしづらいのかな、と思ったので、もしそこらへんでつまずいている人は「React Hooks」をやる前に「Redux」を学んだほうが良いと思いました。

ハムさんの講義では「イラスト」とか「図」を用いた解説は行われていませんが、データフローの全体像をイメージしないと理解が深まらない方に関しては実際に自分でデータフローとかを可視化してみると良いかもですね！"
モジュールバンドラー webpack を1日で習得！フルスクラッチでインストールからカスタマイズまでを理解する,Kyosuke Tsuneda,webpack.config.jsファイルを見るのに苦手意識があったが、一つずつ丁寧に解説していってくれるので少しずつ自分の中の苦手意識が薄れていくのがわかった。
React Hooks 入門 - HooksとReduxを組み合わせて最新のフロントエンド状態管理手法を習得,T W,Reactに初めて触れる人に最適な講座だと思います。具体的なwebアプリを題材に、色んな情報を幅広く提供してもらえるのでとても助かりました。
React Hooks 入門 - HooksとReduxを組み合わせて最新のフロントエンド状態管理手法を習得,Tomoyuki Orita,"Reactにおける値の状態管理のイメージがしやすく、Reduxの詳細な使い方にも役立てちそうだと思いました。
解説が、痒いところに手が届く感じのわかりやすさでありがたかったです。"
React Hooks 入門 - HooksとReduxを組み合わせて最新のフロントエンド状態管理手法を習得,Hasyamo,"解説が丁寧でよかったです。
また、ブランチ作成、実装、レビュー、コミットのサイクルで少しずつ機能が実装し学習していくスタイルがテンポよく楽しく学べました！"
フロントエンドエンジニアのための React ・ Redux アプリケーション開発入門,中嶋翔太,React Reduxについて概要を掴めたかなと思います。Reactは確かに学習コストが高いなと実感しました。でもその反面、もっと勉強したいと思えました。これからいろいろな教材を利用して、Reactについての知識を深めていきたいと思います。そのきっかけを与えていただいたこのコースに感謝したいです。ありがとうございます！！
ハンズオンで学ぶTypeScript - JavaScript エンジニアのためのTypeScript徹底入門,Y I,"全体的に一貫性があり、非常にわかりやすかったです。
この一貫性というのは、replやwebIDEなどに行ったり来たりせずに
一貫してvscode内で1レッスンにつき1ファイルを作り、コースを進めるという点です。
これは、あとで見直す時に非常に有用だと思いました。

また、ゆっくりとした口調であるため、聞きやすかったです。
私は1.25倍にして視聴しましたが、ゆっくり聞きたい人にはちょうど良いですね。


ハムおじさんのその他のコースも、機会があれば受講したいと思います。"
ハンズオンで学ぶTypeScript - JavaScript エンジニアのためのTypeScript徹底入門,Shu Matsumoto,"解説が丁寧で、スピードも丁度良いです。
先日、Railsのも受講しまして大満足で、オススメです。
これからもどんどん講座出して欲しいです。
（特にRails、Vue.js）"
ハンズオンで学ぶRuby on Rails 6<Action Textを支えるデータベースアソシエーション編>,Shu Matsumoto,"解説が丁寧で分かりやすく
スピードも今の自分にちょうど合っているように感じました。
Railsが好きになりました。"
ハンズオンで学ぶTypeScript - JavaScript エンジニアのためのTypeScript徹底入門,Nagata,"非常にわかりやすくて、助かりました！
ありがとうございます☆"
React Hooks 入門 - HooksとReduxを組み合わせて最新のフロントエンド状態管理手法を習得,今井 直也,react-reduxの講座は説明が完結すぎて分かりにくいところもあったが本講座では今のところ丁寧に演習も含めて解説してくれているので分かりやすい
フロントエンドエンジニアのための React ・ Redux アプリケーション開発入門,Yusuke Sakurai,手を動かして学べるので、とても良かったです。
ハンズオンで学ぶTypeScript - JavaScript エンジニアのためのTypeScript徹底入門,Miyuki Shoji,とてもわかりやすいです！購入してよかったと思います。
React Hooks 入門 - HooksとReduxを組み合わせて最新のフロントエンド状態管理手法を習得,大波誠,"リファクタリングなど、実践的な内容も含まれていて大変充実したコースだと思いました。
hooksを活用して自分のプロダクトを作り上げていきたいと思います。
ありがとうございました。"
React Hooks 入門 - HooksとReduxを組み合わせて最新のフロントエンド状態管理手法を習得,i wat,実践的にReact Hookを学ぶことができる素晴らしい教材でした。
ハンズオンで学ぶTypeScript - JavaScript エンジニアのためのTypeScript徹底入門,中嶋 直人,説明がわかりやすかったです！
モジュールバンドラー webpack を1日で習得！フルスクラッチでインストールからカスタマイズまでを理解する,ogawa hiro,"ひとつひとつ解説が丁寧で、スピードもちょうど良いです。
今までは何となくの知識でWebpackを使ってたのですが、本動画でしっかりと理解できました。"
モジュールバンドラー webpack を1日で習得！フルスクラッチでインストールからカスタマイズまでを理解する,祐亮 佐竹,ぐぐっても～♪という音楽を会社でも口ずさんでしまうので、受講するときは注意が必要
React Hooks 入門 - HooksとReduxを組み合わせて最新のフロントエンド状態管理手法を習得,Kosaku Oshima,話を聞いているだけで理解するのはなかなか難しかったですが、内容に合わせて自分の手を動かすことで理解できました！個人的にはどんなコードをどうリファクタリングするのか知れたことも嬉しかったです。
フロントエンドエンジニアのためのGraphQL with React 入門,正村駿,要点が絞って説明されており，わかりやすい
ハンズオンで学ぶRuby on Rails 6<Action Textを支えるデータベースアソシエーション編>,Tak,説明が丁寧でわかりやすかったです。説明もれが無く、聞き取りやすいのでスムーズに習得できました。
ハンズオンで学ぶTypeScript - JavaScript エンジニアのためのTypeScript徹底入門,齋藤 健介,環境設定（ファイル監視して実行する方法や、vscodeでのフォーマット設定など）も学べるし、各セクションの説明も、詳細でわかりやすかったです。サンプルコードも野球選手で例えてたり、オリジナリティがあり、おもしろかったです。実際の使い所なども、説明に混ぜ込んで頂いているので、とてもためになりました。動画の時間は長かったので、２倍速で丁度よく、よくわからなかった箇所は、何回も見たりしました。
フロントエンドエンジニアのための React ・ Redux アプリケーション開発入門,井上 優太,reactはもちろんのことgitの使い方も気づきがありよかったです。（恥ずかしながらgit push origin HEADを知りませんでした。）
ハンズオンで学ぶRuby on Rails 6<Action Textを支えるデータベースアソシエーション編>,Ryota Yagi,データ構造を理解しながらAction Text機能を使えるようになるため、大変勉強になります。
ハンズオンで学ぶTypeScript - JavaScript エンジニアのためのTypeScript徹底入門,Ns,TypeScriptだけでなく、その下敷きになっているJavaScriptについての知識も0の状態で始めましたが、JavaScriptのコードを説明したあとに同じことをTypeScriptではどのようにかけるのかと言ったことを比較しながら理解を進めることができました。また、コーディングをする中でエラーが発生した際に解決方法としていきなり正解を書いて終わりではなく、エラーが発生している原因箇所の特定とどのようにすればそのエラーを解決できるのかについて丁寧な説明がありました。この講座を通じて、オブジェクト指向プログラミング言語に共通する考え方についても理解が増したと思います。
ハンズオンで学ぶTypeScript - JavaScript エンジニアのためのTypeScript徹底入門,i wat,"TSの基礎をしっかりと固めることができました。
ハンズオン形式で手を動かしながら身につけられ、TSの書き方を体に覚えさせることができました。"
フロントエンドエンジニアのための React ・ Redux アプリケーション開発入門,Kei F,"まず第一に再生速度1.0講義速度がとてもゆっくりなので速度調整しやすいです。
コースの評価は現時点ではできませんが、期待大です。"
フロントエンドエンジニアのためのGraphQL with React 入門,齋藤 健介,詳しくご説明されているので、とてもわかりやすかったです。はまる箇所もほとんどありませんでした。GraphQL以外のこと（react、git ）についても、勉強になりました。ありがとうございました！エンディングのキャッチーなメロディーは、しばらく口ずさんでしまいそうです。
モジュールバンドラー webpack を1日で習得！フルスクラッチでインストールからカスタマイズまでを理解する,SHO IKEDA,誰かが作ったwebpack.configになんとなく修正していましたが、今後は意味を考えながら修正できそうです！
React Hooks 入門 - HooksとReduxを組み合わせて最新のフロントエンド状態管理手法を習得,けいすけ たにぐち,汚れたコードから実用的なコードへのリファクタリングなど実際に実務で行いそうなシチュエーションで進めてくれるので、大変参考になります。また、Typescript版なども機会があれば教えていただきたいです。
React Hooks 入門 - HooksとReduxを組み合わせて最新のフロントエンド状態管理手法を習得,yokokura tatsuya,"とても丁寧に解説をしてくれているので、大変分かりやすかったです。
姉妹コースのRudexの講座では、内容の難しさから理解できず挫折していたのですが、コースの説明にあるようにReduxに挫折した方でも十分に理解できる内容でした。"
フロントエンドエンジニアのための React ・ Redux アプリケーション開発入門,徳岡 敦,gitコマンドの知識と並行して学べる
ハンズオンで学ぶRuby on Rails 6<Action Textを支えるデータベースアソシエーション編>,なかもと,"コロナの影響で時間ができたので週末を利用してできました。
railsも人気が落ちてきたのかudemyでもrails6に特化した講座がこれくらいしかなかった気がします。
action_text便利だなと感じるとともにまだまだrailsも進化し続けているなと感じました。"
React Hooks 入門 - HooksとReduxを組み合わせて最新のフロントエンド状態管理手法を習得,shimizu yuta,丁寧で分かり易かったです。「なぜこの実装を行うのか」を説明してくださるので納得感を持って進められました。
フロントエンドエンジニアのための React ・ Redux アプリケーション開発入門,沖本好生,わかりやすかったです。ありがとうございました。
ハンズオンで学ぶTypeScript - JavaScript エンジニアのためのTypeScript徹底入門,Yuki Tanabe,"TypeScriptを体系的に学習できました。
そもそものJavaScriptで浅い理解だったところも、TypeScriptの学習を通じてより深く理解できる構成になっておりました。（特にClass構文の章が大変理解しやすかったです。）
早速明日からの実務で利用できそうです。
ありがとうございました。"
フロントエンドエンジニアのための React ・ Redux アプリケーション開発入門,石田 駿,説明が丁寧で声がハッキリとしており、聴きやすい
ハンズオンで学ぶTypeScript - JavaScript エンジニアのためのTypeScript徹底入門,sho 5,"とても丁寧に解説されており、声も聞き取りやすいため理解しやすいです。
気を付けてほしいポイントなども添えてくれているので、おすすめの講座だと思います。"
React Hooks 入門 - HooksとReduxを組み合わせて最新のフロントエンド状態管理手法を習得,takahiro mitake,hooks の使い方だけでなく、リファクタリングの手法や localStorage の使い方など、細かいところまで説明されている良いコースでした。
ハンズオンで学ぶTypeScript - JavaScript エンジニアのためのTypeScript徹底入門,su kodai,長時間のように思えますが、テンポがいいのか、あっという間に視聴できました。
React Hooks 入門 - HooksとReduxを組み合わせて最新のフロントエンド状態管理手法を習得,Yudai Shiratori,"一つ一つ「なぜこのようにコードを書くのか」をわかりやすく説明してくださいました。プロのエンジニアがどういったことを考えて実装し、リファクタリングしていくのかまでを解説してくださいました。
今までの他の教材ではとりあえず写経するだけで背景や技術的な理解ができなかったのですが、はむさんの教材では知識が身になっていくことを実感できました。ありがとうございました。"
React Hooks 入門 - HooksとReduxを組み合わせて最新のフロントエンド状態管理手法を習得,Kyosuke Tsuneda,とにかく説明が優しくわかりやすい。ステップバイステップで学べるので躓かない
React Hooks 入門 - HooksとReduxを組み合わせて最新のフロントエンド状態管理手法を習得,西村祐輝,基本的にリファレンスを読んで概要はつかんでいましたが、実戦形式で使用例を体感できたのでかなりHooksの使用方法は理解できたんじゃないかと思いました。
ハンズオンで学ぶTypeScript - JavaScript エンジニアのためのTypeScript徹底入門,土屋陽介,実際のコードを書きながら解説してもらえるので書籍よりもイメージが湧きやすい。
フロントエンドエンジニアのための React ・ Redux アプリケーション開発入門,pheni .,reactとreduxの基本的にな操作について学べた
React Hooks 入門 - HooksとReduxを組み合わせて最新のフロントエンド状態管理手法を習得,Eisuke Takeuchi,わかりやすい説明と細密なレクチャー構成のおかげでサクサクと進めることができました。現場でのコーディングのお作法についても事あるごとに説明してくれます。他のコース同様、心地よく受講することができました。
React Hooks 入門 - HooksとReduxを組み合わせて最新のフロントエンド状態管理手法を習得,垣内 勇人,丁寧に細かく解説されており非常にわかりやすいです！
フロントエンドエンジニアのためのGraphQL with React 入門,Takeshi Yamazaki,"ReactにGraphQL、Apolloを組み合わせるにしてもそれぞれの情報が膨大であり公式を読み進めていてもどこの部分を理解しているか分かりづらかったが、このコースを終える頃にはアプリ開発を通して使い所を理解できたと思う。
コースと関係ないが、受講終える頃にはググっても～♪をふと口ずさんでしまうので注意が必要です。"
React Hooks 入門 - HooksとReduxを組み合わせて最新のフロントエンド状態管理手法を習得,真先 哲夫,大変　有難うございました。
フロントエンドエンジニアのための React ・ Redux アプリケーション開発入門,水流洋人,"話すスピードや説明がわかりやすかった。Reactに対する理解が深まり、更にいろいろな実装にチャレンジしてみようと思った。
たまにあったコンパイルエラーも、実際の開発過程でよく起こることなので、人間味があり、またその原因や解決策についての解説もあって親切だなと思いました。"
React Hooks 入門 - HooksとReduxを組み合わせて最新のフロントエンド状態管理手法を習得,Yuki Mizushima,説明が丁寧で分かりやすく、安心して受講できた。
React Hooks 入門 - HooksとReduxを組み合わせて最新のフロントエンド状態管理手法を習得,Takayuki Tooyama,"Hooksの使い方はもちろん、Reduxの使いどころ、丁寧なリファクタリングなどなどReactを触り始め２週間程ですが、大変わかりやすかったです。
自分はVSCodeを使っているので、Vimの画面に違和感があったり、Gitもあまり使ってこなかったので、少々苦戦しましたが、それを上回る分かりやすさをこの講座は持っているのでとてもおすすめです。
他の教材も購入させていただきたいと思います。
参考までにどうぞ！"
React Hooks 入門 - HooksとReduxを組み合わせて最新のフロントエンド状態管理手法を習得,祐亮 佐竹,たまにでる英語の発音のよさがツボ。
フロントエンドエンジニアのための React ・ Redux アプリケーション開発入門,Eisuke Takeuchi,私にとっては難しかったですが、講義を複数回聞いたり、公式ドキュメントと格闘したり、Q&Aを見たりし、何とか２周目には講義内容を自分の血肉とすることができたように思えます。また、講師のはむさんの簡潔な説明と質問ウェルカムな姿勢が心地良かったです。
ハンズオンで学ぶTypeScript - JavaScript エンジニアのためのTypeScript徹底入門,dicek 88,"丁寧に解説されていて理解しやすかったです。
是非TypeScript実践編等も提供して頂きたいです。"
ハンズオンで学ぶTypeScript - JavaScript エンジニアのためのTypeScript徹底入門,こっつ じ,"説明がわかりやすいのに加えて以下の点がよかったです。
* 手を動かしながら学べる
* 他の選択肢をしめつつ、ベストなやり方をしめしてくれる
* 発話が聞き取りやすい。(速度2倍で聞いても聞き取れる)"
ハンズオンで学ぶTypeScript - JavaScript エンジニアのためのTypeScript徹底入門,masanori funaki,JSで言う 〇〇 は TSで言う XX みたいな説明があり、わかりやすかったです。
React Hooks 入門 - HooksとReduxを組み合わせて最新のフロントエンド状態管理手法を習得,Kenta Kihara,"React hooksは「stateの管理ならうっすら分かる」くらいで、且つReduxもあまり理解できていない状態でしたが、レクチャーがとてもわかりやすかったため、容易に理解できました。
受講していくにつれて、講義のタイトルから察して先に実装して、動画をみて答え合わせという流れに変わっていきました。
講義そのものも、Reactの仕様も面白かったので1日半ほどで完遂しました。

またショートハンドなど、そもそものJSの表現方法についても知らないものが多く、この点も非常に勉強になりました。受講してよかったです。
はむさん、ありがとうございました！"
フロントエンドエンジニアのための React ・ Redux アプリケーション開発入門,尾上千里 marukuma,これからReact Reduxの開発が始まります。まだまだ理解は追いついていませんが、React Reduxの取っ掛かりとしてスピーディに入る事ができました。また、動画の中で開発しながらバグの発生、バグの改修の説明が今後の開発で役に立ちそうです。何度も動画を見直して自分のものにしていきたいと思います。ありがとうございました。
ハンズオンで学ぶTypeScript - JavaScript エンジニアのためのTypeScript徹底入門,Miyaudi 宮宇地,すごくわかりやすいです。
React Hooks 入門 - HooksとReduxを組み合わせて最新のフロントエンド状態管理手法を習得,Keeth Kiyohito Kuwahara,React は理解できている前提として、React Hooks を全く知らなくても手を動かしながら基礎が学べる良い講座でした！説明もかなり丁寧で、今から React Hooks を勉強しようとする方はぜひオススメです！
フロントエンドエンジニアのための React ・ Redux アプリケーション開発入門,Kazuhisa Noguchi,説明が丁寧で、基礎の復習までしっかりと、モチベーションを落とさずに続けられました
フロントエンドエンジニアのための React ・ Redux アプリケーション開発入門,いち N,"JavaScript自体に少し触ったことがある程度で、フレームワークに関しては他言語のものしか触ったことがなかったですが、非常にわかりやすい講座で効率的に学習することができました。
はむさんの他の講座についても、機会があれば勉強させていただきたいと思います。
ありがとうございました！"
フロントエンドエンジニアのための React ・ Redux アプリケーション開発入門,大野智春,わかりやすい説明で、プログラミング初心者の私にも理解しやすかったです。reactの本を読むより動画で理解した方が早いと感じました。
React Hooks 入門 - HooksとReduxを組み合わせて最新のフロントエンド状態管理手法を習得,hackEngine,"まだ1週目ですが、機能の良さが伝わりました。
また使い方などの解説も丁寧でわかりやすかったです。
2週目で、コーディングして実感してみようと思います。"
React Hooks 入門 - HooksとReduxを組み合わせて最新のフロントエンド状態管理手法を習得,Stifel,易しい内容で分かりやすく、説明も丁寧でよかったです。
フロントエンドエンジニアのための React ・ Redux アプリケーション開発入門,Hal Hal,前提知識を飛ばすことなく詳細に丁寧に説明してくださるので、プログラミング初学者でも基礎をイメージしながらreactの知見を得ることができます。
フロントエンドエンジニアのための React ・ Redux アプリケーション開発入門,坂田和樹,もう少しコードに説明があれば星5以上でした！
React Hooks 入門 - HooksとReduxを組み合わせて最新のフロントエンド状態管理手法を習得,こっつ じ,"「こういうふうにもかけるけど、こうしたほうがコードがスッキリする」
「こういうふうにかくと、エラーが出る。なぜエラーになるかというと..」
といった感じで、いきなり正解ではなく思考過程が学べるのがよいです。話も聞き取りやすいです。"
ハンズオンで学ぶRuby on Rails 6<Action Textを支えるデータベースアソシエーション編>,RykS .,講師の話がとても聞きやすい。
React Hooks 入門 - HooksとReduxを組み合わせて最新のフロントエンド状態管理手法を習得,Y N,hooksに関することが一通り学べて大変役に立ちました！
フロントエンドエンジニアのための React ・ Redux アプリケーション開発入門,瓜生 杏介,"実践的でわかりやすい内容だと感じています。
当初reactについての知識がほとんど無かったため、その機能性の高さに驚きながら学習を進めております。
最後まで学習して全体像を把握することができました、さらに繰り返し手を動かして自分のスキル向上のきっかけにしたいと思います、本当にありがとうございました！"
モジュールバンドラー webpack を1日で習得！フルスクラッチでインストールからカスタマイズまでを理解する,優樹 内堀,webpack の使い方の流れを理解できて、とても勉強になりました。
React Hooks 入門 - HooksとReduxを組み合わせて最新のフロントエンド状態管理手法を習得,ムカイヒロト,"なんとなくreact-reduxのフロントの開発ができる気になりました。
この講座を終えると、ある程度の知識がつくので自主学習でビジネスレベルの開発ができるような気がしています。
ただ、ビジネスレベルになるとスタイルを当てることも必要になってくると思うので、プロのリファクタリングを学ぶことができるし、bootstrapではなくて、簡単にスタイルなスタイルを当てる講義も含まれていてよかったのではないかと思いました。"
React Hooks 入門 - HooksとReduxを組み合わせて最新のフロントエンド状態管理手法を習得,石田颯,わかりやすかった。
React Hooks 入門 - HooksとReduxを組み合わせて最新のフロントエンド状態管理手法を習得,Yudai Takiguchi,特に詰まるところもなく、基本から実践編まで勉強できました。
React Hooks 入門 - HooksとReduxを組み合わせて最新のフロントエンド状態管理手法を習得,石野 純,手元で都度動かしながら学習できるのは良かったです。欲を言うと後半から自身で考える時間が減ってしまったので、もう少し増やしてもらいたいです。
フロントエンドエンジニアのための React ・ Redux アプリケーション開発入門,H K,ざっとProgateのレッスンと、Reactのチュートリアルなどを終えてからの受講であったが、setStateするとrenderされることや、propTypesやdefaultPropsなどは新しい知識であった。より実務に寄り添ったコースになっていると感じた。
React Hooks 入門 - HooksとReduxを組み合わせて最新のフロントエンド状態管理手法を習得,OSAMU KAWACHI,丁寧で分かりやすかったです。
フロントエンドエンジニアのためのGraphQL with React 入門,土屋陽介,GraphQL x React のアプリケーションを作成するにあたり、必要な前提知識を学ぶことができた。
React Hooks 入門 - HooksとReduxを組み合わせて最新のフロントエンド状態管理手法を習得,Morita Mitukun,"とても素晴らしいコースでした。
振り返りと、実践の分け方、共に理解が深めやすくなりました。
一点あるとすれば、前半から中盤部分の動画のボリュームが多くなり、そこを区切ってもらえるとより良いかなと感じました。

個人的にvimの動画を出して欲しいと思っていたり、React+firebaseなどのDBとの連携などの動画などがあればぜひ購入したいと思いました。
また新しい動画ぜひ買わせてもらいます！"
React Hooks 入門 - HooksとReduxを組み合わせて最新のフロントエンド状態管理手法を習得,俊樹 杉山,"I'm a beginner of React, and this lecture is very helpful for me. Thank you for a very nice lecture about React hooks."
フロントエンドエンジニアのための React ・ Redux アプリケーション開発入門,r- kaji,Reactもyarnも全くの初心者だったけど、動画を見ながら進められたので挫折せずに学ぶことができた。Reactの新しいバージョンで実装されたContext APIの使用方法も紹介されているのがよかった。この講座以前にnodeやgitをインストールしていたので環境設定でかなり多くのエラーが出たけど、ネットで検索して一つづつ解決できた。Reactの書籍を読む前にこの動画を見ておいてよかったと思う。
フロントエンドエンジニアのための React ・ Redux アプリケーション開発入門,高井,routerはラウターではなくルーターではないでしょうか＞
モジュールバンドラー webpack を1日で習得！フルスクラッチでインストールからカスタマイズまでを理解する,Miyuki Shoji,エラーも一緒に出してくれるので、こんなふうに解決していくのか・・と理解できるのと、解説が丁寧でわかりやすいです！
フロントエンドエンジニアのための React ・ Redux アプリケーション開発入門,Yudai Takiguchi,ただ流行っているから、という興味から受講しました。私自身は普段はバックエンドの開発がメインでフロントエンドとはあまり縁がなく、苦手なジャンルではあったのですが、説明が丁寧でとても分かり易かったです。
フロントエンドエンジニアのための React ・ Redux アプリケーション開発入門,Satoshi Akazawa,"とても大変でしたが、楽しかったです。私にとってはとても難易度の高いコースでした。
というのも、そもそも私はjavascriptを学んだことがありません。そんな中でのReactアプリケーション作成でしたのでわからないことや手詰まり、ミスタイプなどなど様々な困難がありました。ですがレッスンの終盤、Material-UIの適用あたりからアプリケーションが目に見えて出来上がるのを感じて楽しくてしかたがなかったです。"
モジュールバンドラー webpack を1日で習得！フルスクラッチでインストールからカスタマイズまでを理解する,Eisuke Takeuchi,簡潔な説明と、わからない時は質問ウェルカムの姿勢が心地よかったです。各レクチャーの最後の音楽が楽しみでした。
モジュールバンドラー webpack を1日で習得！フルスクラッチでインストールからカスタマイズまでを理解する,上地航平 男,"このコースで、フロントエンドを初めてがっつり学べた気がした！
　以前からrails6を設定していて、webpackerの概念が出てきた際に「なんで？rails6でrails sで起動するのにwebpacker必要なの？」と疑問でした！
　ここでは今まで勘違いしていた、webpackerとwebpackの違いに改めて気がつくことができました。そしてまだまだ勉強中ですが、「webpack」「javascript」「modules」について深く学べる教材だと感じました。"
React Hooks 入門 - HooksとReduxを組み合わせて最新のフロントエンド状態管理手法を習得,Ono Hiroki,React Hookについて学びたいと思っていたので、とても有意義な講義でした。アプリケーション開発を通して、ReactのHook機能が一通り学べると思います。gitを使ったバージョン管理もされているので復習もしやすいです。講義を見ながらコーディングしていましたが、動かないコードはなく、特に不明点もなく学べました。これからはReactアプリをガンガン作ってより知識を定着させたいと思います。
フロントエンドエンジニアのための React ・ Redux アプリケーション開発入門,Ono Hiroki,React初心者です。職場にReactを導入することを提案しようと思い、まずは知識をつけるために受講しました。Reactを使ったCRUDの実装方法を学ぶことができて大変有意義な講義だっと思います。特に不明点もありませんでした。しかし、覚えることがたくさんあるので、一回の視聴だけではなく、繰り返し何度も手を動かしながらアプリケーションを作る事が大切だと思います。この講義ではGitによるアプリケーションの管理をしているので、講義終了後の振り返りも容易だと思います。
フロントエンドエンジニアのためのGraphQL with React 入門,Ono Hiroki,GraphQLを職場に提案するために受講しました。基礎から応用(アプリ開発)まで一通り学べました。また不明点についても丁寧に回答いただけたと思います。また、Gitの使い方も参考になりました。Reactの知識がないと「？」と部分がありますが、受講するには問題ないレベルです。次は、Reactの講座を受けてみようと思いました。
ハンズオンで学ぶRuby on Rails 6<Action Textを支えるデータベースアソシエーション編>,上地航平 男,"rails6での新機能 [ActionText] の挙動をわかりやすく詳しく教えていただけました。
今後のポートフォリオ作成に組み込んで見ようと思いました！テーブルやモデルなどのデータ構造など１週では完全に理解が追いついていない所も多々ありましたので、ポートフォリオ作成と同時進行で２周目も勉強させて頂きます！
良質なレクチャーありがとうございました！

わがままなのですが、今回用意されいるDocker hubを経由したDocker-composeによる環境構築の手法などを解説頂けるレクチャーなどありましたらとても参考になります！"
モジュールバンドラー webpack を1日で習得！フルスクラッチでインストールからカスタマイズまでを理解する,Ono Hiroki,勉強になりました！webpackって何なの？という疑問が払拭されたと思います。サーバーサイドエンジニアにとって、フロントエンドの環境設定は難しすぎで結構苦戦していましたが、このwebpackという技術を使えば、職場の課題を解決できそうです！！
フロントエンドエンジニアのための React ・ Redux アプリケーション開発入門,Sawa Wo,"このLessonを通じて、React-Reduxについてめちゃくちゃ理解が進みました。
Material UIについて学習中で不明な点が多くありましたが、こちらのLessonで特有の作法を把握することができました。"
React Hooks 入門 - HooksとReduxを組み合わせて最新のフロントエンド状態管理手法を習得,だい もり,"説明がわかりやすい。
現時点でモダンな書き方になっていると思われる。
可読性の高いコードを書こうとする点がよかった。"
React Hooks 入門 - HooksとReduxを組み合わせて最新のフロントエンド状態管理手法を習得,森田達也,非常にわかりやすかった　別講座も受講したい
React Hooks 入門 - HooksとReduxを組み合わせて最新のフロントエンド状態管理手法を習得,Daichi Fujimoto,"説明は丁寧で簡潔、的を射ておりとてもわかりやすかったです。

当方、Vue.jsの経験はありますが、Reactは簡単なサンプルコードを動かした程度の初心者でしたが、特に詰まることもなく理解することができたと実感しています。ただ、親・子コンポーネント、propsなどが当たり前のように出てくるので、このへんがわからないフレームワーク未経験の方には厳しいと思います（こちらはコースの対象受講者の記載通りかと思います）

これをきっかけに、Reactについてより深く理解したいと思うようになりましたので、旧来の書き方、ルーティングなどを今後勉強していきたいと思います。"
React Hooks 入門 - HooksとReduxを組み合わせて最新のフロントエンド状態管理手法を習得,Masashi Furuta,解説が丁寧でわかりやすかったです。
モジュールバンドラー webpack を1日で習得！フルスクラッチでインストールからカスタマイズまでを理解する,達也 柿野,9月からHTML、CSSを学び始めた初学者です。そんな私でも大変わかりやすくつまづく事無く進めることができ、成長を実感できて達成感が非常に高い良い教材でした。次はreactに挑戦してみようと思います。ありがとうございました。
フロントエンドエンジニアのための React ・ Redux アプリケーション開発入門,OSAMU KAWACHI,わかりやすいです。
React Hooks 入門 - HooksとReduxを組み合わせて最新のフロントエンド状態管理手法を習得,h- yabi,声も聞きやすく、説明の粒度も満足できました。
フロントエンドエンジニアのための React ・ Redux アプリケーション開発入門,Hide Nozawa,"JavaScriptの基本を抑えた状態で学んで最初は戸惑いながら学習していたのですが、アプリを作成していくうちにReactの基本などを抑えられたかなと思います。
gitに関しても深く学んではいなかった為、今回の講座で結構慣れてきた気もします。
JavaScriptを学んでいくうちにどんどん好きな言語になってきたので今回学んだReact,Reduxを使用してWEBアプリケーションの開発を続けていきたいです。
ありがとうございました。"
フロントエンドエンジニアのための React ・ Redux アプリケーション開発入門,SHO IKEDA,"いきなりTodoアプリではなくカウンターアプリから入るためReduxの理解がしやすかった
赤いボタンよかった"
フロントエンドエンジニアのための React ・ Redux アプリケーション開発入門,祐輝 横地,"Reactについて全く知らない状態からReactにおけるCRUDを学ぶことができた。
Rails APIとの連携を例にした実践的なアプリケーションでとても良かったと思います。"
React Hooks 入門 - HooksとReduxを組み合わせて最新のフロントエンド状態管理手法を習得,dicek 88,とても分かりやすく勉強になりました。
React Hooks 入門 - HooksとReduxを組み合わせて最新のフロントエンド状態管理手法を習得,Yohei Nozai,Hooksの基礎から、実装まで学ぶことができて満足です！ありがとうございました。
React Hooks 入門 - HooksとReduxを組み合わせて最新のフロントエンド状態管理手法を習得,大石 耕司,"React Redux講座もよかったですが、今回はさらに丁寧に教えていただいているように感じました！また、コードの文字が大きくなって見やすかったです！

ひとつ修正依頼で、31番目の講座のタイトルがタイポしているので「locaStorageの各種～」→「localStorageの各種～」に修正お願いします。

今後とも新しい講座、楽しみにしております。
ありがとうございました！"
モジュールバンドラー webpack を1日で習得！フルスクラッチでインストールからカスタマイズまでを理解する,Yohei Nozai,"webpackのビルドの要点について、しっかり理解できる講座だと思う。これをやれば基本的な設定をすることができるようになる。
webpackのドキュメントを読む力がつくように思う"
フロントエンドエンジニアのための React ・ Redux アプリケーション開発入門,Yohei Nozai,React/Reduxの基本から、開発の流れについて把握できるとても良い講座でした。公式のドキュメントを読んで、さらに理解を深めたいと思います。
React Hooks 入門 - HooksとReduxを組み合わせて最新のフロントエンド状態管理手法を習得,Gol sAw,"Reactを実務で使った経験はありませんが、既にReactのコースをいくつか受けていたので難なく学習が進みました。
基礎的な部分は適切に省略されていて、Hooksを手っ取り早く学習するのにとても有用でした。
（まさに自分が学習したかった内容だったので嬉しかったです。）"
フロントエンドエンジニアのためのGraphQL with React 入門,Kyosuke Tsuneda,"ReactとApolloを案件で使う必要があったので、本コースを通じて勉強させていただきました。
説明も丁寧で、非常にわかりやすかったです！ありがとうございました！"
フロントエンドエンジニアのための React ・ Redux アプリケーション開発入門,s oyama,"わたしはプログラミング経験が浅いのですが
わたしの質問に対して
講師より すごく丁寧に回答を頂けました！
正直 質問するのもビビってましたが、
質問して良かったし、何より回答が丁寧でモチベーションが上がりました。
まだ講座の途中ですが、ひとまず感謝の気持ちを込めて 書かせて頂きました。
度々 質問をすることもあると思いますが、引き続きよろしくお願い致します。"
React Hooks 入門 - HooksとReduxを組み合わせて最新のフロントエンド状態管理手法を習得,masanori funaki,"説明が非常にわかりやすいです。声がハキハキしていて聞き取りやすいし、github にもコードがあがっているので確認もしやすいです。
それに加えて。レクチャー動画を通して、リファクタリングの仕方や公式ドキュメントの調べ方の説明もあったりするので、そのあたりのスキルの勉強にもなります。
大変素晴らしい動画です！！"
モジュールバンドラー webpack を1日で習得！フルスクラッチでインストールからカスタマイズまでを理解する,藤野真由佳 fujino,とても丁寧な解説でわかりやすかったです。予期しないエラーが出た場合の対応はどのようにしているのか、ドキュメントはどのように追って実装しているのかを動画に残してくださっており、たいへん参考になります。
React Hooks 入門 - HooksとReduxを組み合わせて最新のフロントエンド状態管理手法を習得,中村,大変分りやすかったです！
フロントエンドエンジニアのための React ・ Redux アプリケーション開発入門,John_meron,良い！
フロントエンドエンジニアのための React ・ Redux アプリケーション開発入門,Keyyang,大変わかりやすく楽しく学ばせていただいてます。
React Hooks 入門 - HooksとReduxを組み合わせて最新のフロントエンド状態管理手法を習得,広輝 新宮,"普段angularを使っているのですが、react hooks 面白かったです。ありがとうございました。
useEffectとかを使っているときに、angularのeffect()を使っているような気持ちになりました。"
フロントエンドエンジニアのための React ・ Redux アプリケーション開発入門,大石 耕司,ReactとReduxに関してまるっきり初心者の私でもわかりやすかったです。講座を全て終えた今では、ReactとReduxに対して心の壁がなくなりました。今回学んだことをベースに、今後の開発、学習に取り組んでいこうと思います。
React Hooks 入門 - HooksとReduxを組み合わせて最新のフロントエンド状態管理手法を習得,python Hack,Hooksの扱い方に少し戸惑っていたので、この講座を受講できて本当によかったです。これでReactの実装の幅が広がりました！
モジュールバンドラー webpack を1日で習得！フルスクラッチでインストールからカスタマイズまでを理解する,三田真大,知りたいことがまさに解説されていました！
フロントエンドエンジニアのための React ・ Redux アプリケーション開発入門,三田真大,手取り足取りなので、とてもわかりやすいです。
フロントエンドエンジニアのための React ・ Redux アプリケーション開発入門,ウエノトシヒロ,Redux の機能を使いこなせていなかったので、ここでよく理解できました！ありがとうございます。
モジュールバンドラー webpack を1日で習得！フルスクラッチでインストールからカスタマイズまでを理解する,ren y,webpackに関する基本的なことを学ぶには最適でした。
モジュールバンドラー webpack を1日で習得！フルスクラッチでインストールからカスタマイズまでを理解する,トモチカ コミネ,"webpackについて丁寧に解説しながら勧めてくれていて、理解が深まる。
設定ファイルとかネットでいくらでも落ちてるけど、それぞれの設定値の意味合いとか、活用の仕方を理解するのにちょうど良い気がしている（まだコース途中だけど）"
フロントエンドエンジニアのためのGraphQL with React 入門,kenji morita,素晴らしかったです。この動画で基本を学んで、実際の案件で「経験あり」として参入、その後もスムーズに入れました。また理解不足のところを後々見ることでそれが解消されました。丁寧な説明も助かりました。
モジュールバンドラー webpack を1日で習得！フルスクラッチでインストールからカスタマイズまでを理解する,Hiroaki Iwamori,"大変参考になりました。
これを実際の現場でも試してみようと思います。"
フロントエンドエンジニアのための React ・ Redux アプリケーション開発入門,秋山一希,一つ一つの解説がとてもわかりやすいです。話のスピードも聞き取りやすく、とても良い教材だと思います。
モジュールバンドラー webpack を1日で習得！フルスクラッチでインストールからカスタマイズまでを理解する,takahiro mitake,css-loader と style-loader の読み込み順など、ハマりポイントを丁寧に解説してくれていてとても良い。
フロントエンドエンジニアのための React ・ Redux アプリケーション開発入門,キツネ kitsune,書籍などでReactを学習しようとしてもわかりづらかったり、reactはreact、reduxはreduxとまとめて学習するのが難しかったのでこの講座でreactとreduxをまとめて学習できてとても良かったです。
フロントエンドエンジニアのための React ・ Redux アプリケーション開発入門,奥野輔,他の動画コンテンツなどと比較しても大変丁寧な解説でとてもわかりやすいです。
モジュールバンドラー webpack を1日で習得！フルスクラッチでインストールからカスタマイズまでを理解する,瀬尾 直登,"説明がわかりやすかったです。
必要なパッケージと公式サイトのどの部分に設定方法が書いてあるかの説明があって良かったです。"
モジュールバンドラー webpack を1日で習得！フルスクラッチでインストールからカスタマイズまでを理解する,なかもと,webpackに関して苦手意識があるとreactなど学ぶ際にハードルが上がるかと思います。このコースから学ぶとreactも学び易くなるのではと思います。
フロントエンドエンジニアのための React ・ Redux アプリケーション開発入門,GR M,Q&Aに投稿する質問に大変素早く、それも丁寧に回答していただけたのが素晴らしかったです。内容も基本を網羅していてよかったです。２周してみて理解が深まりました。
フロントエンドエンジニアのための React ・ Redux アプリケーション開発入門,杉田雅夫,"Ractを学びたかったのですが色々ある中こちらのコースがボリューム的にも良さそうだったので受講しました。
進行速度や内容に特に不満も出ないまま最後まで進んで今では「後は自分で何となく進められそう」と言う印象です。
見返しながら更に理解を深めていきたいと思います。"
フロントエンドエンジニアのための React ・ Redux アプリケーション開発入門,ich1 (イチ),わかりやすく丁寧で期待以上です
フロントエンドエンジニアのための React ・ Redux アプリケーション開発入門,Mitsuyoshi Matsuo,React・Reduxで基本的なCRUDアプリの実装を短期間で体験することができました。Reduxの各要素の意味合いや繋がりなど理解すべきことが多く、シンプルな実装にとどめていただいていたので理解しやすかったです。コンパクトにまとまったカリキュラムなので、何度も復習して理解を深めていきたいと思います。ありがとうございました。
フロントエンドエンジニアのための React ・ Redux アプリケーション開発入門,Akifumi Yoshimura,途中でわからないところも質問に丁寧に答えていただけて助かりました。この動画のおかげで次のステップへ歩めたと思います。ありがとうございました。他の動画も購入しました。
フロントエンドエンジニアのための React ・ Redux アプリケーション開発入門,junya yamada,簡潔な説明で分かりやすかったです。またディレクトリ構成やredux-form等を使用しますので、極めて実践的だったと思います。
フロントエンドエンジニアのための React ・ Redux アプリケーション開発入門,Jumpei Chikamori,テンポがよく、説明もわかりやすく、とても良い。
フロントエンドエンジニアのための React ・ Redux アプリケーション開発入門,Yohei Nakao,独学では、中々、開発の段取りやフローが学べず、その点、このコースでは、Gitを利用した開発の段取りが学べる点が非常にありがたかったです。
フロントエンドエンジニアのための React ・ Redux アプリケーション開発入門,takahiro mitake,React・Reduxだけでなく、ReduxFormやMaterial-UIの使い方まで解説されており、非常に助かりました。
フロントエンドエンジニアのための React ・ Redux アプリケーション開発入門,Halkichi +,gitの使い方もフォローしていてありがたいです。
フロントエンドエンジニアのための React ・ Redux アプリケーション開発入門,T.T,非常にわかりやすかった
フロントエンドエンジニアのためのGraphQL with React 入門,Yohei Nakao,公式ページで見てもよくわからなかったGraphQLがわかりやすく解説されていて大変助かりました。
フロントエンドエンジニアのためのGraphQL with React 入門,Naoki Morita,"GraphQLは言葉としては知っていて意識はしていたものの、曖昧な理解でした。このコースを通して大まかな理解と、実際のアプリケーションでのユースケースを確認できました。

とてもわかりやすい解説で迷うことなくコースをやり遂げることができます。"
フロントエンドエンジニアのための React ・ Redux アプリケーション開発入門,おく おく,講義そのものもわかりやすいですが、質問に対する回答も早めにいただけて、かつわかりやすい点がよかったです。購入してよかったです。すごい満足です。まだ受講終わってませんが笑
フロントエンドエンジニアのための React ・ Redux アプリケーション開発入門,Hiroaki Date,一項目ずつの説明がシンプルでわかりやすいです。ハマりどころがないです
フロントエンドエンジニアのための React ・ Redux アプリケーション開発入門,Justin Nguyen,"Even though the course did not go into detail about much of the little details, you are able to go through the course asking yourself why did he use that? And then you can look up the documentation and think about how you can use it to apply it to your own projects.

The instructor is very engaging and gives feedback as soon as he can. I am looking forward to his next course.

Downside: The volume of all the videos are low. Hoping in future lessons or possibly remaster the volume of the lessons so you are able to hear what the instructor is saying instead of turning up the volume to the max."
フロントエンドエンジニアのための React ・ Redux アプリケーション開発入門,Keisuke Umegaki,"React, Redux, Git の知識が実際に動画を見ながら、カウンターアプリやイベント作成アプリを外部APIと連携させてコーディングしてみることで、理解できました。
行き詰まり質問した際には、すばやく丁寧に対応してくださいました。
ありがとうございました。０から自分にアプリケーションを作ってみたいと思います。"
フロントエンドエンジニアのための React ・ Redux アプリケーション開発入門,Mizuki Kubota,"うおおおおおおお
gitの正しい使い方まで身についたぜ！"
フロントエンドエンジニアのための React ・ Redux アプリケーション開発入門,Naomi Asano,デザイナーからフロントエンジニアになったばかりの見習いエンジニアですが、とても進めやすいです。今の所、難しいことはなくサクサクと進められています。
フロントエンドエンジニアのための React ・ Redux アプリケーション開発入門,山本哲生 山本,"reactにreduxを導入するやり方を色々な本を読んで勉強してたんですが、いまいちパッと来ませんでした。しかし、本講座では非常にわかりやすく分割してあり、理解が進みました。
ありがとうございました！！"
フロントエンドエンジニアのための React ・ Redux アプリケーション開発入門,Katsuya Oda,"ReactとReduxの説明は非常に良かったです。CRUDの実装で終わってしまったので、次回作としてはもっとUXが高いUIの実装を説明していただけると嬉しいです。例えば、チャットアプリのUIやソーシャルグラフのUIなどを期待しています。

免責事項: 同じ職場で働いています"
フロントエンドエンジニアのための React ・ Redux アプリケーション開発入門,Naoki Morita,とてもわかりやすく、必要十分なシンプルな説明で進めやすかったです。